{"cameraMode":{"drawMode":0,"name":"Shaded","section":"Shading Mode"},"sceneLighting":true,"audioPlay":false,"sceneViewState":{"showFog":true,"showMaterialUpdate":false,"showSkybox":true,"showFlares":true,"showImageEffects":true,"showParticleSystems":true},"in2DMode":false,"pivot":{"x":0.06453323364257813,"y":1.4696850776672364,"z":1.540144920349121},"rotation":{"x":-0.08713532239198685,"y":0.8339688181877136,"z":-0.13784734904766084,"w":-0.5271637439727783},"size":6.700040340423584,"orthographic":false}